class#weapon#caliber#type#weight (g)#range (m)#velocity (m / s)#impact energy#shots
br1#handgun / rifle#22 lr#lb / rn#2 , 6 ± 0 , 1#10 , 00 ± 0 , 5#360 ± 10#170 j#3
br2#handgun#9x19 mm parabellum#fj / rn / sc#8 , 0 ± 0 , 1#5 , 00 ± 0 , 5#400 ± 10#640 j#3
br3#handgun#357 magnum#fj / cb / sc#10 , 2 ± 0 , 1#5 , 00 ± 0 , 5#430 ± 10#940 j#3
br4#handgun#44 magnum#fj / fn / sc#15 , 6 ± 0 , 1#5 , 00 ± 0 , 5#440 ± 10#1510 j#3
br5#rifle#5.56x45 mm nato#fj / pb / scp#4 , 0 ± 0 , 1#10 , 00 ± 0 , 5#950 ± 10#1800 j#3
br6#rifle#7.62x51 mm nato#fj / pb / sc#9 , 5 ± 0 , 1#10 , 00 ± 0 , 5#830 ± 10#3270 j#3
