outcome#date#tournament#surface#partner#opponents in the final#score in the final
winner#1981#bologna , italy#carpet#sammy giammalva jr#tomáš šmíd balázs taróczy#7 - 6 , 6 - 4
winner#1982#nice , france#clay#yannick noah#paul mcnamee balázs taróczy#5 - 7 , 6 - 4 , 6 - 3
runner - up#1982#bournemouth , england#clay#ilie năstase#paul mcnamee buster mottram#6 - 3 , 6 - 7 , 3 - 6
winner#1982#basel , switzerland#hard (i)#yannick noah#fritz buehning pavel složil#6 - 2 , 6 - 2
winner#1982#vienna , austria#carpet#pavel složil#mark dickson terry moor#6 - 1 , 7 - 6
runner - up#1983#monte carlo , monaco#clay#yannick noah#heinz günthardt balázs taróczy#2 - 6 , 4 - 6
winner#1983#aix - en - provence , france#clay#gilles moretton#ivan camus sergio casal#2 - 6 , 6 - 1 , 6 - 2
runner - up#1984#philadelphia , us#carpet#yannick noah#peter fleming john mcenroe#2 - 6 , 3 - 6
winner#1984#french open , paris#clay#yannick noah#pavel složil tomáš šmíd#6 - 4 , 2 - 6 , 3 - 6 , 6 - 3 , 6 - 2
winner#1984#kitzbühel , austria#clay#pascal portes#colin dowdeswell wojtek fibak#2 - 6 , 7 - 6 , 7 - 6
winner#1984#stockholm , sweden#hard (i)#tomáš šmíd#vijay amritraj ilie năstase#3 - 6 , 7 - 6 , 6 - 4
runner - up#1985#us open , new york#hard#yannick noah#ken flach robert seguso#7 - 6 , 6 - 7 , 6 - 7 , 0 - 6
winner#1988#nice , france#clay#guy forget#heinz günthardt diego nargiso#4 - 6 , 6 - 3 , 6 - 4
runner - up#1988#monte carlo , monaco#clay#ivan lendl#sergio casal emilio sánchez#0 - 6 , 3 - 6
runner - up#1990#london / queen 's club , england#grass#ivan lendl#jeremy bates kevin curren#2 - 6 , 6 - 7
runner - up#1991#indian wells , us#hard#guy forget#jim courier javier sánchez#6 - 7 , 6 - 3 , 3 - 6
runner - up#1992#toulouse , france#hard (i)#guy forget#brad pearce byron talbot#1 - 6 , 6 - 3 , 3 - 6
winner#1993#indian wells , us#hard#guy forget#luke jensen scott melville#6 - 4 , 7 - 5
runner - up#1994#halle , germany#grass#gary muller#olivier delaître guy forget#4 - 6 , 7 - 6 , 4 - 6
