ep#total#title#location#party theme#airdate
1#55#bobby#chicago , illinois#hollywood#november 12 , 2007
2#56#kat#palm springs , california#caribbean#november 19 , 2007
3#57#alex#boston , massachusetts#seven deadly sins#november 26 , 2007
4#58#geri#phoenix , arizona#rocky horror#december 3 , 2007
5#59#alicia#montreal , quebec , canada#moulin rouge#january 1 , 2008
6#60#chanae#cleveland , ohio#rock and roll#january 1 , 2008
7#61#lacey#ashland , ohio#lacey land#january 28 , 2008
8#62#yashika#franklin lakes , new jersey#diamonds are forever#january 28 , 2008
9#63#shanell#englewood , new jersey#oscar afterparty#may 19 , 2008
10#64#etienne#los angeles , california#james bond#june 15 , 2008
