match#date#competition or tour#ground#opponent#score1#scorers
1#17 july 2008#friendly#a#hampton & richmond#4 - 2#bellamy 37' & 60' , noble 41' , hines 81'
2#20 july 2008#friendly#a#columbus crew#3 - 1#ashton 6' , evans og 26' , reid 53'
3#24 july 2008#major league soccer all - star game#a#major league all stars#2 - 3#ashton 26' & 67'
4#29 july 2008#friendly#a#peterborough united#2 - 0#bellamy 3' & 42'
5#1 august 2008#friendly#a#southampton#2 - 2#davenport 45' , hines 65'
6#4 august 2008#friendly#a#ipswich town#5 - 3#ashton 4' , 57' & 74' , bellamy 10' , noble 79'
7#9 august 2008#the bobby moore cup#h#villarreal#1 - 1#cole 1'
